925.6578947,450.1135321,959.0402477,513.534117,31.jpg
926.8421053,451.9171445,960.7739938,513.7276376,32.jpg
932.376161,458.6748853,966.749226,514.8810206,33.jpg
939.2414861,454.1929472,972.6547988,516.4911124,34.jpg
941.0835913,449.2465596,973.9396285,516.9245986,35.jpg
951.3235294,453.0240826,981.1455108,514.2462729,36.jpg
953.3823529,448.6272936,986.9504644,513.3715596,37.jpg
957.5928793,441.8618119,989.2569659,514.9739106,38.jpg
958.2817337,445.190367,997.9256966,513.3018922,39.jpg
971.3390093,456.1745986,1008.227554,504.0051606,40.jpg
974.9690402,452.1029243,1012.763158,507.2950115,41.jpg
978.9628483,455.3385894,1013.676471,507.0395642,42.jpg
980.5650155,441.327695,1017.979876,509.0134748,43.jpg
990.9210526,444.1763188,1024.318885,511.6608372,44.jpg
927.128483,451.7391055,960.5804954,516.3827408,45.jpg
1018.165635,420.0249427,1059.226006,470.6499427,46.jpg
1014.473684,426.0163417,1061.184211,480.4653096,47.jpg
1026.927245,379.5481651,1068.978328,446.7230505,48.jpg
1027.654799,346.9825115,1076.857585,407.9337729,49.jpg
1023.908669,350.6052179,1071.532508,406.997133,50.jpg
1021.927245,353.7866972,1071.052632,410.5811353,51.jpg
1002.43808,436.3426032,1042.933437,501.6829128,52.jpg
1023.76161,378.7740826,1067.027864,443.7583142,53.jpg
1022.244582,361.125,1069.326625,420.0017202,54.jpg
993.4674923,446.2663417,1033.273994,507.9916858,55.jpg
998.7616099,441.9314794,1039.814241,504.0206422,56.jpg
1011.184211,440.4607225,1046.857585,498.1298739,57.jpg
1011.23839,425.7454128,1054.465944,489.0266628,58.jpg
1012.786378,431.9690367,1050.301858,483.5926032,59.jpg
1014.489164,404.2568807,1056.447368,459.3483372,60.jpg
1026.431889,383.1476491,1062.097523,441.9237385,61.jpg
1028.366873,382.9541284,1070.278638,445.2290711,62.jpg
1031.733746,379.6100917,1074.744582,441.1573968,63.jpg
989.4582043,445.4767775,1026.524768,503.5561927,64.jpg
1028.955108,367.5963303,1075.673375,431.6052179,65.jpg
1026.973684,370.2591743,1073.568111,430.3279817,66.jpg
1032.716718,346.7425459,1077.894737,408.2201835,67.jpg
1033.606811,349.8775803,1078.73839,414.6915138,68.jpg
1032.321981,347.8959289,1081.803406,411.0223624,69.jpg
1040.116099,342.8024656,1085.247678,415.1172592,70.jpg
1040.998452,349.5756881,1089.334365,417.9194381,71.jpg
1046.803406,346.3013188,1095.905573,415.7984518,72.jpg
1054.442724,345.8213876,1093.591331,413.127867,73.jpg
1028.614551,373.7425459,1075.688854,433.7107225,74.jpg
1065.348297,342.8179472,1101.486068,408.6072248,75.jpg
1072.314241,334.3572248,1121.455108,401.7256307,76.jpg
1070.975232,336.300172,1119.272446,401.4624427,77.jpg
1073.591331,333.4747706,1120.928793,398.9776376,78.jpg
1070.123839,321.337156,1124.094427,391.2677752,79.jpg
1070.503096,326.3299885,1123.359133,390.3233945,80.jpg
1073.599071,326.7557339,1123.854489,390.3543578,81.jpg
1073.71517,325.0140482,1124.899381,389.5725344,82.jpg
1072.082043,323.9845183,1130.371517,384.1616972,83.jpg
1070.526316,327.731078,1129.195046,389.680906,84.jpg
1072.321981,323.5587729,1133.475232,380.8563647,85.jpg
1071.21517,322.2118693,1135.882353,381.0344037,86.jpg
1071.20743,325.5636468,1134.117647,378.7663417,87.jpg
1071.145511,323.5432913,1134.195046,376.5524656,88.jpg
1059.365325,339.543578,1101.718266,407.5080275,89.jpg
1075.170279,323.868406,1135.100619,375.3061927,90.jpg
1073.513932,314.9974197,1133.490712,374.803039,91.jpg
1072.47678,317.1106651,1130.139319,373.2084289,92.jpg
1071.517028,317.5131881,1130.02322,373.8818807,93.jpg
1069.489164,319.6573968,1127.647059,374.0986239,94.jpg
1067.430341,323.0401376,1129.365325,373.8354358,95.jpg
1066.656347,323.334289,1129.427245,375.0662271,96.jpg
1062.848297,313.2866972,1127.074303,377.6361812,97.jpg
1064.744582,315.6553899,1124.272446,377.2413991,98.jpg
1069.404025,318.7207569,1121.586687,381.2201835,99.jpg
1069.303406,316.8242546,1117.314241,384.4326261,100.jpg
1066.679567,316.0192087,1107.260062,380.2990252,101.jpg
1069.117647,312.9306193,1114.860681,365.5140482,102.jpg
1079.450464,309.965883,1116.764706,375.8403096,103.jpg
1070.835913,319.8741399,1138.78483,372.2872706,104.jpg
1068.250774,308.0229358,1116.486068,375.4145642,105.jpg
1065.921053,307.4268922,1110.626935,379.9506881,106.jpg
1057.879257,305.8013188,1107.244582,384.5409977,107.jpg
1056.865325,304.0518922,1109.249226,379.4707569,108.jpg
1054.117647,303.0068807,1108.583591,384.440367,109.jpg
1054.264706,306.5599197,1103.196594,387.103211,110.jpg
1054.496904,313.8208142,1103.452012,390.4859518,111.jpg
1050.743034,312.5590596,1102.979876,387.2038417,112.jpg
1048.219814,314.3084862,1099.883901,389.5183486,113.jpg
1049.767802,312.1100917,1097.925697,384.8274083,114.jpg
1054.365325,310.9644495,1095.557276,382.9231651,115.jpg
1047.48452,306.1341743,1095.193498,373.8818807,116.jpg
1052.066563,305.1123853,1096.26161,374.578555,117.jpg
1048.869969,308.6886468,1091.834365,377.9071101,118.jpg
1068.057276,309.1143922,1114.535604,376.4827982,119.jpg
1042.345201,312.141055,1089.017028,376.5215023,120.jpg
1049.883901,318.7517202,1102.678019,375.1281537,121.jpg
1045.735294,323.2181766,1096.029412,382.9773509,122.jpg
1046.826625,327.9787844,1094.179567,383.7436927,123.jpg
1056.617647,329.5424312,1106.517028,377.8064794,124.jpg
1051.354489,333.0567661,1102.840557,377.9690367,125.jpg
1055.131579,339.6519495,1103.343653,381.1272936,126.jpg
1056.818885,334.8990826,1111.578947,379.7571674,127.jpg
1055.131579,348.7706422,1117.52322,386.3136468,128.jpg
1056.958204,348.7706422,1119.504644,388.4036697,129.jpg
1052.190402,351.9366399,1120.634675,392.2353784,130.jpg
1059.040248,349.3976491,1129.868421,388.3417431,131.jpg
1067.871517,349.3976491,1134.357585,391.5077408,132.jpg
1050.603715,308.0926032,1099.535604,373.7657683,133.jpg
1073.862229,345.1866399,1127.724458,401.1760321,134.jpg
1071.973684,349.0570528,1129.93808,399.1711583,135.jpg
1071.726006,353.0822821,1130.959752,395.2543005,136.jpg
1072.236842,357.5100344,1129.705882,400.912844,137.jpg
1070.03096,362.8357225,1132.205882,403.7382454,138.jpg
1073.630031,361.9997133,1127.724458,406.3081995,139.jpg
1073.69195,365.4598624,1130.332817,412.3383028,140.jpg
1073.80031,372.0550459,1131.710526,416.7428326,141.jpg
1070.085139,376.1267202,1131.26161,420.9615826,142.jpg
1068.235294,381.6149656,1129.9613,424.8165138,143.jpg
1067.352941,382.4354931,1131.23839,426.271789,144.jpg
1072.631579,377.1020642,1128.498452,428.6482225,145.jpg
1077.917957,380.1364679,1124.95356,431.0865826,146.jpg
1085.743034,376.6995413,1128.498452,431.1949541,147.jpg
1076.795666,348.9486812,1130.665635,394.4105505,148.jpg
1084.574303,375.5693807,1129.195046,436.5516055,149.jpg
1087.52322,381.3904817,1130.03096,438.4558486,150.jpg
1086.795666,383.2560206,1128.482972,440.1975344,151.jpg
1084.311146,378.4489679,1130.224458,443.456422,152.jpg
1081.857585,387.234805,1135.332817,458.5974771,153.jpg
1079.164087,387.7534404,1128.869969,453.983945,154.jpg
1079.667183,393.7912844,1135.278638,462.3362959,155.jpg
1080.835913,394.5266628,1131.044892,457.2118693,156.jpg
1072.5,399.5736812,1125.804954,466.2686353,157.jpg
1066.563467,405.4954128,1122.430341,464.9449541,158.jpg
1067.383901,399.1092317,1119.891641,472.9334862,159.jpg
1069.303406,400.2780963,1123.630031,472.6548165,160.jpg
1069.396285,397.7313647,1115.216718,470.2241972,161.jpg
1061.671827,388.659117,1112.043344,461.9724771,162.jpg
1084.396285,361.6900803,1135.123839,438.2236239,163.jpg
1066.25387,395.2852638,1107.5,468.234805,164.jpg
1065.874613,399.9684633,1106.26161,472.8947821,165.jpg
1063.057276,397.3675459,1106.486068,467.8322821,166.jpg
1061.29257,397.6307339,1098.72291,471.965883,167.jpg
1055.595975,393.009461,1101.741486,467.0349771,168.jpg
1057.701238,396.1212729,1100.139319,461.1055046,169.jpg
1054.752322,399.5272362,1099.752322,466.725344,170.jpg
1056.184211,400.115539,1100.379257,466.4931193,171.jpg
1047.592879,403.1654243,1098.575851,474.7138761,172.jpg
1047.198142,390.2846904,1097.221362,461.1287271,173.jpg
1045.247678,388.5430046,1089.342105,464.1012041,174.jpg
1047.306502,394.5111812,1093.475232,466.7950115,175.jpg
1039.589783,389.9595757,1090.557276,469.3107798,176.jpg
1039.852941,393.2726491,1087.229102,463.1181193,177.jpg
1062.4613,392.165711,1103.119195,471.4008028,178.jpg
1042.600619,380.8331422,1082.283282,441.4902523,179.jpg
1039.365325,372.9762041,1087.51548,442.3417431,180.jpg
1037.368421,364.8715596,1080.851393,437.8288417,181.jpg
1032.012384,362.0384174,1077.778638,436.0174885,182.jpg
1032.066563,361.7752294,1077.275542,436.9618693,183.jpg
1025.611455,354.0498853,1075.673375,429.3758601,184.jpg
1031.904025,361.7287844,1082.051084,437.8211009,185.jpg
1026.571207,363.168578,1079.249226,446.0573394,186.jpg
1034.094427,362.9363532,1081.718266,447.3036124,187.jpg
1031.942724,370.3752867,1077.020124,448.3331422,188.jpg
1038.475232,375.4068234,1082.693498,444.5091743,189.jpg
1041.981424,385.2995986,1080.417957,448.6040711,190.jpg
1042.414861,394.0157683,1082.283282,452.1106651,191.jpg
1046.168731,398.8692661,1087.801858,461.7247706,192.jpg
1037.198142,374.3385894,1080.286378,446.1966743,193.jpg
1042.345201,408.5298165,1085.487616,467.0659404,194.jpg
1046.044892,417.2614679,1090.696594,473.0883028,195.jpg
1044.280186,416.7583142,1089.280186,472.3529243,196.jpg
1043.560372,420.6209862,1090.967492,480.9297592,197.jpg
1045.572755,424.7468463,1093.181115,476.9819381,198.jpg
1050.464396,418.5387041,1101.656347,471.5091743,199.jpg
1050.603715,422.7884174,1099.117647,473.7694954,200.jpg
1055.773994,429.1281537,1104.744582,467.1820528,201.jpg
1052.925697,431.7058486,1100.06192,465.6106651,202.jpg
1060.402477,421.3331422,1110.611455,480.0550459,203.jpg
1061.037152,427.9902523,1109.876161,479.962156,204.jpg
1061.911765,424.3830275,1108.893189,479.6215596,205.jpg
1057.399381,425.7686353,1106.555728,481.5567661,206.jpg
1054.93808,420.4661697,1102.43808,488.9647362,207.jpg
1046.122291,398.0951835,1091.517028,464.3334289,208.jpg
1064.512384,421.0235092,1110.518576,495.0799885,209.jpg
1064.404025,417.9271789,1112.848297,487.2385321,210.jpg
1065.727554,410.418578,1115.766254,488.1055046,211.jpg
1061.710526,412.2299312,1116.331269,486.2477064,212.jpg
1070.665635,405.0541858,1122.182663,479.5518922,213.jpg
1068.103715,409.6599771,1118.196594,480.1711583,214.jpg
1058.877709,404.1407683,1106.369969,480.3956422,215.jpg
1064.791022,404.024656,1114.674923,487.6797592,216.jpg
1073.390093,410.2947248,1124.613003,491.0702408,217.jpg
1074.636223,414.7224771,1128.75387,490.9773509,218.jpg
1068.908669,417.0834289,1125.216718,499.7244839,219.jpg
1070.719814,428.1141055,1115.820433,506.4357798,220.jpg
1071.122291,431.1330275,1119.365325,509.3540711,221.jpg
1066.563467,438.8119266,1125.162539,512.1252867,222.jpg
1053.568111,425.0642202,1110.332817,488.9260321,223.jpg
1065.595975,451.9713303,1116.911765,523.0321101,224.jpg
1065.425697,455.6559633,1117.732198,528.4506881,225.jpg
1061.664087,468.0877294,1111.184211,532.2204702,226.jpg
1052.430341,467.4297592,1103.846749,531.4463876,227.jpg
1037.291022,467.4994266,1093.428793,532.8552179,228.jpg
1043.459752,467.8942087,1093.328173,528.6519495,229.jpg
1056.671827,468.2580275,1099.698142,531.0903096,230.jpg
1058.73839,468.1419151,1099.342105,530.4400803,231.jpg
1052.716718,469.5971904,1097.360681,529.6737385,232.jpg
1048.273994,470.990539,1095.417957,534.3956422,233.jpg
1048.173375,475.1783257,1096.919505,540.7353784,234.jpg
1046.818885,475.8517775,1095.797214,543.5685206,235.jpg
1047.832817,471.8729931,1095.092879,543.5220757,236.jpg
1048.537152,472.7012615,1094.210526,542.7557339,237.jpg
1070.185759,443.3867546,1121.060372,519.4094037,238.jpg
1040.371517,484.2815367,1094.852941,551.5880161,239.jpg
1045.410217,491.5656537,1096.648607,551.2241972,240.jpg
1045.02322,500.3979358,1094.342105,555.543578,241.jpg
1036.934985,498.8265482,1086.888545,561.1711583,242.jpg
1030.789474,493.7795298,1082.778638,557.8426032,243.jpg
1025.843653,488.7402523,1084.373065,557.850344,244.jpg
1022.260062,491.3179472,1073.80031,556.2402523,245.jpg
1021.28483,497.1313073,1075.487616,564.3990826,246.jpg
1012.020124,487.377867,1067.190402,557.4400803,247.jpg
1007.151703,492.6106651,1065.301858,560.7299312,248.jpg
1004.798762,498.3775803,1061.068111,567.9134174,249.jpg
1019.798762,495.6605505,1062.221362,565.8233945,250.jpg
1012.685759,493.9420872,1058.034056,559.6694381,251.jpg
1008.243034,488.6241399,1050.495356,563.1760321,252.jpg
1041.780186,478.715883,1089.047988,550.4114106,253.jpg
1012.45356,487.8036124,1060,557.8735665,254.jpg
1012.871517,488.4461009,1055.735294,557.5794151,255.jpg
1014.326625,489.8007454,1059.241486,561.6975344,256.jpg
1011.184211,488.2138761,1059.187307,557.5561927,257.jpg
1020.224458,490.1413417,1069.001548,554.4985665,258.jpg
1005.201238,496.7210436,1058.366873,560.8228211,259.jpg
1001.25387,500.2508601,1057.159443,561.3104931,260.jpg
1009.063467,493.9420872,1056.834365,560.3661124,261.jpg
1004.930341,490.2961583,1053.235294,555.3965023,262.jpg
1008.73065,492.9744839,1053.041796,555.8377294,263.jpg
1011.184211,496.7674885,1054.365325,554.7540138,264.jpg
1002.886997,494.9019495,1049.055728,557.1149656,265.jpg
1014.404025,496.7674885,1052.678019,558.4773509,266.jpg
1010.02322,510.9022362,1050.116099,564.7164564,267.jpg
1013.018576,488.0048739,1055.116099,552.5478784,268.jpg
1004.140867,504.4850917,1043.908669,566.8606651,269.jpg
1007.027864,506.118406,1050.712074,577.8758601,270.jpg
999.0325077,512.6206995,1044.821981,585.9727638,271.jpg
1007.260062,521.5923165,1052.925697,596.7789564,272.jpg
1000.178019,531.1986812,1045.00774,604.4191514,273.jpg
996.7182663,536.934633,1039.899381,598.2032683,274.jpg
995.4256966,535.9438073,1045.348297,601.1138188,275.jpg
996.1919505,531.9572821,1040.301858,603.1419151,276.jpg
989.1873065,526.7786697,1036.24613,594.7663417,277.jpg
992.3452012,529.921445,1037.848297,596.8254014,278.jpg
994.5278638,533.4202982,1041.547988,601.9653096,279.jpg
981.0294118,533.203555,1027.004644,601.6092317,280.jpg
976.122291,532.0888761,1029.99226,600.7732225,281.jpg
963.8390093,536.5088876,1014.427245,606.1066514,282.jpg
1010.998452,502.7743693,1049.055728,564.9022362,283.jpg
945.3869969,535.0303899,989.1718266,609.2958716,284.jpg
930.6346749,549.2967317,970.3018576,616.4406537,285.jpg
913.8544892,566.0943234,953.5371517,628.2608945,286.jpg
907.1826625,570.3595183,949.2647059,629.5381307,287.jpg
905.9829721,579.7491399,952.0665635,642.3414564,288.jpg
902.5541796,569.6163991,943.6764706,634.8251147,289.jpg
898.9473684,574.8491972,939.9613003,635.4521216,290.jpg
900.7972136,573.4558486,949.5820433,637.340883,291.jpg
897.8869969,562.959289,938.6145511,624.8704128,292.jpg
895.2863777,566.1252867,938.2662539,624.2821101,293.jpg
894.9845201,569.7015482,940.4566563,629.8477638,294.jpg
897.244582,575.259461,942.5851393,636.0713876,295.jpg
898.75387,578.7970183,948.1578947,643.8199541,296.jpg
904.1718266,579.6407683,953.7306502,644.7256307,297.jpg
956.4783282,535.2626147,1002.902477,604.2024083,298.jpg
904.6517028,603.6295872,945.6114551,665.6955275,299.jpg